"_id",avg_views,avg_likes,avg_dislikes
False,4831839.634979808,100906.71357564461,5921.668530599565
True,3397406.169811321,33029.16981132075,3531.811320754717
